mac,org,venue,ap_mac,ap_name,ap_model,ap_fw,connected,band,ssid,connected_time,rssi,avg_ack_rssi,rx_rate,tx_rate,rx_packets,rx_bytes,tx_packets,tx_bytes,vlan_id,rrm_state,rrm_bands,rrm_active,rrm_pps,rrm_upsteer_btm_total,rrm_upsteer_btm_success,rrm_upsteer_btm_fail,rrm_upsteer_legacy_total,rrm_upsteer_legacy_success,rrm_upsteer_legacy_fail,rrm_sticky_btm_total,rrm_sticky_btm_success,rrm_sticky_btm_fail,rrm_sticky_legacy_total,rrm_sticky_legacy_success,rrm_sticky_legacy_fail,rrm_downsteer_btm_total,rrm_downsteer_btm_success,rrm_downsteer_btm_fail,rrm_downsteer_legacy_total,rrm_downsteer_legacy_success,rrm_downsteer_legacy_fail,rrm_cap_wnm,rrm_cap_active,rrm_cap_passive,rrm_cap_table,rrm_cap_link,rrm_cap_stats
1c:12:b0:11:b9:b7,Ducky's Legal Services,Ducky's San Ramon,04b6be13a188,SR-AP-01-Mstr,cig_wf196,Shasta-AP-NOS Rel 2.2 build 22,True,5G,plume.dogfood,504273,-65,-59,433.3,433.3,1637078,166350732,1756102,268462485,,CAN_STEER,3,True,4,0,0,0,0,0,0,0,0,0,0,0,0,0,0,0,0,0,0,False,False,False,False,False,False
84:ea:ed:a6:06:a2,Ducky's Legal Services,Ducky's San Ramon,04b6be13a188,SR-AP-01-Mstr,cig_wf196,Shasta-AP-NOS Rel 2.2 build 22,True,5G,plume.dogfood,29638,-51,-52,866.7,702.0,817023,81390226,7359509,10986356835,,CAN_STEER,3,True,17,0,0,0,0,0,0,0,0,0,0,0,0,0,0,0,0,0,0,True,False,False,False,False,False
a6:2a:ce:7a:06:2a,Ducky's Legal Services,Ducky's San Ramon,04b6be13a188,SR-AP-01-Mstr,cig_wf196,Shasta-AP-NOS Rel 2.2 build 22,True,5G,plume.dogfood,23959,-46,-52,286.7,960.7,109984,95983918,368480,440716406,,CAN_STEER,2,True,0,0,0,0,0,0,0,0,0,0,0,0,0,0,0,0,0,0,0,False,True,True,True,True,True
10:27:f5:bc:04:6b,Ducky's Legal Services,Ducky's San Ramon,04b6be13a188,SR-AP-01-Mstr,cig_wf196,Shasta-AP-NOS Rel 2.2 build 22,True,2G,plume.dogfood,504862,-45,-41,72.2,72.2,66636,17215992,43022,3154083,,MAX_REACHED,1,True,0,0,0,0,1,0,1,0,0,0,0,0,0,0,0,0,0,0,0,False,False,False,False,False,False
00:1c:c2:5b:a5:05,Ducky's Legal Services,Ducky's San Ramon,04b6be13a188,SR-AP-01-Mstr,cig_wf196,Shasta-AP-NOS Rel 2.2 build 22,True,2G,plume.dogfood,492737,-27,-24,65.0,72.2,101082,9133894,56376,6721114,,MAX_REACHED,1,True,1,0,0,0,1,0,1,0,0,0,0,0,0,0,0,0,0,0,0,False,False,False,False,False,False
c8:69:cd:7d:9e:c4,Shasta NorthEast,Shasta HQ,14448f1fbe0a,NewTedOfficeAP,edgecore_eap102,Shasta-AP-NOS Rel 2.2 build 21,True,5G,Household,830910,-53,-51,866.7,780.0,370614,73741516,541463,210523531,,CAN_STEER,3,True,0,0,0,0,0,0,0,0,0,0,0,0,0,0,0,0,0,0,0,False,True,True,False,False,False
a4:cf:99:74:fc:f1,Shasta NorthEast,Shasta HQ,14448f1fbe0a,NewTedOfficeAP,edgecore_eap102,Shasta-AP-NOS Rel 2.2 build 21,True,5G,Household,826749,-60,-69,864.8,12.0,21512499,10685634599,34884769,24062861506,,CAN_STEER,3,True,2,0,0,0,0,0,0,0,0,0,0,0,0,0,0,0,0,0,0,False,True,True,True,True,True
1e:bc:bf:ce:08:27,Shasta NorthEast,Shasta HQ,14448f1fbe0a,NewTedOfficeAP,edgecore_eap102,Shasta-AP-NOS Rel 2.2 build 21,True,5G,Household,3650,-62,-63,960.7,960.7,21662,21041725,19123,18908683,,MAX_REACHED,3,True,2,0,0,0,0,0,0,0,0,0,1,1,0,0,0,0,0,0,0,False,True,True,True,True,True
1e:bc:bf:ce:08:27,Shasta NorthEast,Shasta HQ,14448f1fbe4e,Tuttle Basement EAP 102,edgecore_eap102,Shasta-AP-NOS Rel 2.2 build 21,False,,,0,0,0,0,0,0,0,0,0,,MAX_REACHED,3,False,2,0,0,0,0,0,0,0,0,0,1,1,0,0,0,0,0,0,0,False,True,True,True,True,True
1e:bc:bf:ce:08:27,Shasta NorthEast,Shasta HQ,14448f1fbf2a,Tuttle Living Room EAP 102,edgecore_eap102,Shasta-AP-NOS Rel 2.2 build 21,False,,,0,0,0,0,0,0,0,0,0,,MAX_REACHED,3,False,1,0,0,0,0,0,0,0,0,0,1,1,0,0,0,0,0,0,0,False,True,True,True,True,True
66:1c:c3:c9:fc:5e,Shasta NorthEast,Shasta HQ,14448f1fbe0a,NewTedOfficeAP,edgecore_eap102,Shasta-AP-NOS Rel 2.2 build 21,False,,,0,0,0,0,0,0,0,0,0,,MAX_REACHED,1,False,1,0,0,0,0,0,0,0,0,0,1,1,0,0,0,0,0,0,0,False,False,False,False,False,False
66:1c:c3:c9:fc:5e,Shasta NorthEast,Shasta HQ,14448f1fbf2a,Tuttle Living Room EAP 102,edgecore_eap102,Shasta-AP-NOS Rel 2.2 build 21,True,2G,Household,301,-82,-64,13.0,43.3,24,1873,13,1564,,CAN_STEER,1,True,0,0,0,0,0,0,0,0,0,0,0,0,0,0,0,0,0,0,0,False,False,False,False,False,False
70:a7:41:0f:57:9f,Shasta NorthEast,Stable,14448f1fbe2a,Dandy Back Porch,edgecore_eap102,Shasta-AP-NOS Rel 2.2 build 21,True,2G,430 Dandy,830468,-66,-63,65.0,72.2,233013446,297812080546,125234016,8308280602,,CAN_STEER,3,True,336,0,0,0,0,0,0,0,0,0,0,0,0,0,0,0,0,0,0,False,True,True,True,False,True
5c:47:5e:47:f1:19,Duffy LLC,Duffy Barn,14448f1fbe4a,Duffy Barn AP,edgecore_eap102,Shasta-AP-NOS Rel 2.2 build 22,True,2G,Riverside,76194,-59,-59,72.2,57.8,28615,14346057,21800,2732320,,MAX_REACHED,1,True,1,0,0,0,1,0,1,0,0,0,0,0,0,0,0,0,0,0,0,False,False,False,False,False,False
5c:47:5e:47:cd:8b,Duffy LLC,Duffy Barn,14448f1fbe4a,Duffy Barn AP,edgecore_eap102,Shasta-AP-NOS Rel 2.2 build 22,True,2G,Riverside,71638,-46,-45,11.0,72.2,68623,59066323,51705,8263002,,MAX_REACHED,1,True,0,0,0,0,1,0,1,0,0,0,0,0,0,0,0,0,0,0,0,False,False,False,False,False,False
ac:8b:a9:8f:78:3d,Shasta NorthEast,Shasta HQ,14448f1fbe4e,Tuttle Basement EAP 102,edgecore_eap102,Shasta-AP-NOS Rel 2.2 build 21,True,5G,Household,831067,-67,-65,72.2,72.2,244410769,313052235824,121547724,8065391191,,CAN_STEER,3,True,219,0,0,0,0,0,0,0,0,0,0,0,0,0,0,0,0,0,0,False,False,False,False,False,False
5c:60:ba:52:1f:78,Shasta NorthEast,Shasta HQ,14448f1fbe4e,Tuttle Basement EAP 102,edgecore_eap102,Shasta-AP-NOS Rel 2.2 build 21,True,5G,Household,831064,-58,-58,390.0,433.3,155920,23087015,228106,70049937,,CAN_STEER,3,True,1,0,0,0,0,0,0,0,0,0,0,0,0,0,0,0,0,0,0,False,False,False,False,False,False
58:9a:3e:89:ee:df,Shasta NorthEast,Shasta HQ,14448f1fbe4e,Tuttle Basement EAP 102,edgecore_eap102,Shasta-AP-NOS Rel 2.2 build 21,True,5G,Household,831045,-68,-65,585.0,780.0,4546929,493385586,4468437,722621104,,CAN_STEER,3,True,1,0,0,0,0,0,0,0,0,0,0,0,0,0,0,0,0,0,0,False,False,False,False,False,False
60:ab:14:a3:fa:cc,Shasta NorthEast,Shasta HQ,14448f1fbe4e,Tuttle Basement EAP 102,edgecore_eap102,Shasta-AP-NOS Rel 2.2 build 21,True,5G,Household,741458,-39,-45,866.7,866.7,6113626,669590951,47007484,64182488146,,CAN_STEER,3,True,0,0,0,0,0,0,0,0,0,0,0,0,0,0,0,0,0,0,0,False,False,False,False,False,False
00:51:ed:f8:58:5a,Shasta NorthEast,Shasta HQ,14448f1fbe4e,Tuttle Basement EAP 102,edgecore_eap102,Shasta-AP-NOS Rel 2.2 build 21,True,5G,Household,732207,-65,-70,526.6,585.0,2844852,297917649,23825136,32742177161,,CAN_STEER,3,True,1,0,0,0,0,0,0,0,0,0,0,0,0,0,0,0,0,0,0,False,False,False,False,False,False
cc:f7:35:87:df:99,Shasta NorthEast,Shasta HQ,14448f1fbe4e,Tuttle Basement EAP 102,edgecore_eap102,Shasta-AP-NOS Rel 2.2 build 21,True,5G,Household,609632,-77,-73,263.3,390.0,1871142,235775082,2619085,1500419757,,MAX_REACHED,3,True,1,0,0,0,0,0,0,0,0,0,1,1,0,0,0,0,0,0,0,False,False,False,False,False,False
4a:75:70:1b:8e:eb,Shasta NorthEast,Shasta HQ,14448f1fbe4e,Tuttle Basement EAP 102,edgecore_eap102,Shasta-AP-NOS Rel 2.2 build 21,True,5G,Household,133141,-68,-75,626.9,720.6,431035,112173543,2609222,3360773738,,CAN_STEER,3,True,0,0,0,0,0,0,0,0,0,0,0,0,0,0,0,0,0,0,0,False,True,True,True,True,True
06:4e:65:6c:f6:7a,Shasta NorthEast,Shasta HQ,14448f1fbe4e,Tuttle Basement EAP 102,edgecore_eap102,Shasta-AP-NOS Rel 2.2 build 21,True,5G,Household,131897,-70,-76,172.0,720.6,455476,120116303,882933,924949470,,MAX_REACHED,3,True,2,0,0,0,0,0,0,0,0,0,1,1,0,0,0,0,0,0,0,False,True,True,True,True,True
ea:5b:e6:00:f2:ec,Shasta NorthEast,Shasta HQ,14448f1fbe4e,Tuttle Basement EAP 102,edgecore_eap102,Shasta-AP-NOS Rel 2.2 build 21,True,5G,Household,9,-66,-83,36.0,432.3,24,1591,15,2457,,MAX_REACHED,3,True,1,0,0,0,0,0,0,0,0,0,1,1,0,0,0,0,0,0,0,False,True,True,True,True,True
ea:5b:e6:00:f2:ec,Shasta NorthEast,Shasta HQ,14448f1fbf2a,Tuttle Living Room EAP 102,edgecore_eap102,Shasta-AP-NOS Rel 2.2 build 21,True,5G,Household,161,-87,-90,103.2,12.0,253,38230,226,66793,,CAN_STEER,3,True,1,0,0,0,0,0,0,0,0,0,0,0,0,0,0,0,0,0,0,False,True,True,True,True,True
68:db:f5:ad:d1:dc,Tim,TRaceHome,14448f1fbe76,AtticAP,edgecore_eap102,Shasta-AP-NOS Rel 2.2 build 22,True,5G,lake,75678,-73,-67,433.3,433.3,248033,31313168,436647,87094531,,CAN_STEER,3,True,2,0,0,0,0,0,0,0,0,0,0,0,0,0,0,0,0,0,0,False,False,False,False,False,False
f4:e2:c6:0f:3a:f3,Tim,TRaceHome,14448f1fbe76,AtticAP,edgecore_eap102,Shasta-AP-NOS Rel 2.2 build 22,True,2G,lake,75239,-69,-69,72.2,65.0,21190940,22221191964,14231130,953053985,,CAN_STEER,3,True,321,0,0,0,0,0,0,0,0,0,0,0,0,0,0,0,0,0,0,False,True,True,True,False,True
48:a2:e6:9e:ea:b2,Tim,TRaceHome,14448f1fbe76,AtticAP,edgecore_eap102,Shasta-AP-NOS Rel 2.2 build 22,True,2G,lake,34737,-59,-59,65.0,65.0,12077,780818,9115,819692,,MAX_REACHED,1,True,3,0,0,0,1,0,1,0,0,0,0,0,0,0,0,0,0,0,0,False,False,False,False,False,False
50:8a:06:28:f1:b4,Tim,TRaceHome,14448f1fbe76,AtticAP,edgecore_eap102,Shasta-AP-NOS Rel 2.2 build 22,True,2G,lake,34639,-64,-62,57.8,72.2,11393,1866448,4919,398648,,CAN_STEER,1,True,0,0,0,0,0,0,0,0,0,0,0,0,0,0,0,0,0,0,0,False,False,False,False,False,False
50:8a:06:25:92:ca,Tim,TRaceHome,14448f1fbe76,AtticAP,edgecore_eap102,Shasta-AP-NOS Rel 2.2 build 22,True,2G,lake,34582,-63,-62,43.3,72.2,11266,1854959,4751,382922,,CAN_STEER,1,True,0,0,0,0,0,0,0,0,0,0,0,0,0,0,0,0,0,0,0,False,False,False,False,False,False
68:57:2d:9a:01:db,Tim,TRaceHome,14448f1fbe76,AtticAP,edgecore_eap102,Shasta-AP-NOS Rel 2.2 build 22,True,2G,lake,34215,-67,-66,28.9,52.0,11272,1825164,4999,401677,,CAN_STEER,1,True,1,0,0,0,0,0,0,0,0,0,0,0,0,0,0,0,0,0,0,False,False,False,False,False,False
a0:92:08:44:e3:f8,Tim,TRaceHome,14448f1fbe76,AtticAP,edgecore_eap102,Shasta-AP-NOS Rel 2.2 build 22,True,2G,lake,8259,-56,-58,72.2,72.2,8126,1135520,3340,410726,,MAX_REACHED,1,True,1,0,0,0,1,0,1,0,0,0,0,0,0,0,0,0,0,0,0,False,False,False,False,False,False
3a:85:07:15:14:d5,Tim,TRaceHome,14448f1fbe76,AtticAP,edgecore_eap102,Shasta-AP-NOS Rel 2.2 build 22,True,2G,lake,664,-68,-85,52.0,6.5,712,205872,1383,672240,,MAX_REACHED,3,True,2,0,0,0,0,0,0,0,0,0,1,1,0,0,0,0,0,0,0,False,True,True,True,True,True
3a:85:07:15:14:d5,Tim,TRaceHome,24fe9a0f5b55,FamilyRmAP,cybertan_eww631-a1,Shasta-AP-NOS Rel 2.2 build 22,False,,,0,0,0,0,0,0,0,0,0,,MAX_REACHED,3,False,2,0,0,0,0,0,0,0,0,0,1,1,0,0,0,0,0,0,0,False,True,True,True,True,True
3a:85:07:15:14:d5,Tim,TRaceHome,24fe9a0f5c19,Garage AP,cybertan_eww631-a1,Shasta-AP-NOS Rel 2.2 build 22,True,5G,lake,1,-79,-78,48.0,12.0,14,1334,9,2036,,MAX_REACHED,3,True,1,0,0,0,0,0,0,0,0,0,1,1,0,0,0,0,0,0,0,False,True,True,True,True,True
3a:85:07:15:14:d5,Tim,TRaceHome,cccf83eac450,BackyardAP,cig_wf186w,Shasta-AP-NOS Rel 2.2 build 22,False,,,0,0,0,0,0,0,0,0,0,,MAX_REACHED,3,False,2,0,0,0,0,0,0,0,0,0,1,1,0,0,0,0,0,0,0,False,True,True,True,True,True
3a:85:07:15:14:d5,Tim,TRaceHome,e49d731c0e0a,TreehouseAP,edgecore_eap104,Shasta-AP-NOS Rel 2.2 build 22,True,5G,lake,42,-80,-73,8.6,12.0,26,2317,15,3089,,MAX_REACHED,3,True,2,0,0,0,0,0,0,0,0,0,1,1,0,0,0,0,0,0,0,False,True,True,True,True,True
08:12:a5:a5:88:d7,Tim,TRaceHome,14448f1fbe76,AtticAP,edgecore_eap102,Shasta-AP-NOS Rel 2.2 build 22,True,5G,pond,75628,-57,-64,433.3,433.3,299812,49950391,426541,86150027,S-99,CAN_STEER,3,True,4,0,0,0,0,0,0,0,0,0,0,0,0,0,0,0,0,0,0,False,False,False,False,False,False
14:91:38:6a:3a:99,Tim,TRaceHome,14448f1fbe76,AtticAP,edgecore_eap102,Shasta-AP-NOS Rel 2.2 build 22,True,5G,pond,58316,-69,-63,433.3,433.3,196004,25948129,307709,63366219,S-99,CAN_STEER,3,True,3,0,0,0,0,0,0,0,0,0,0,0,0,0,0,0,0,0,0,False,False,False,False,False,False
10:6f:d9:2f:c1:6a,Tim,TRaceHome,14448f1fbe76,AtticAP,edgecore_eap102,Shasta-AP-NOS Rel 2.2 build 22,True,2G,pond,74347,-70,-70,72.2,65.0,14498,1892270,202001,58225592,S-99,CAN_STEER,1,True,2,0,0,0,0,0,0,0,0,0,0,0,0,0,0,0,0,0,0,False,False,False,False,False,False
4c:b9:ea:07:f4:bc,Tim,TRaceHome,14448f1fbe76,AtticAP,edgecore_eap102,Shasta-AP-NOS Rel 2.2 build 22,False,,,0,0,0,0,0,0,0,0,0,,MAX_REACHED,3,False,1,0,0,0,0,0,0,0,0,0,1,1,0,0,0,0,0,0,0,False,True,True,True,True,False
4c:b9:ea:07:f4:bc,Tim,TRaceHome,24fe9a0f5c19,Garage AP,cybertan_eww631-a1,Shasta-AP-NOS Rel 2.2 build 22,True,5G,lake,1519,-53,-60,86.7,200.0,381,43983,315,37116,,MAX_REACHED,3,True,0,0,0,0,0,0,0,0,0,0,1,1,0,0,0,0,0,0,0,False,True,True,True,True,False
c8:69:cd:7a:ba:cf,Shasta NorthEast,Shasta HQ,14448f1fbf2a,Tuttle Living Room EAP 102,edgecore_eap102,Shasta-AP-NOS Rel 2.2 build 21,True,5G,Household,831050,-60,-61,866.7,866.7,549519,92326781,724320,264570849,,CAN_STEER,3,True,2,0,0,0,0,0,0,0,0,0,0,0,0,0,0,0,0,0,0,False,False,False,False,False,False
68:d7:9a:df:31:f3,Shasta NorthEast,Shasta HQ,14448f1fbf2a,Tuttle Living Room EAP 102,edgecore_eap102,Shasta-AP-NOS Rel 2.2 build 21,True,5G,Household,830597,-83,-83,260.0,325.0,125610061,139307172969,71535264,4778393836,,MAX_REACHED,3,True,231,0,0,0,0,0,0,0,0,0,1,0,1,0,0,0,0,0,0,False,True,True,True,False,True
f4:e2:c6:76:ef:3b,Shasta NorthEast,Shasta HQ,14448f1fbf2a,Tuttle Living Room EAP 102,edgecore_eap102,Shasta-AP-NOS Rel 2.2 build 21,True,5G,Household,830468,-71,-64,433.3,433.3,228722196,288552532392,105455261,7018695396,,CAN_STEER,3,True,191,0,0,0,0,0,0,0,0,0,0,0,0,0,0,0,0,0,0,False,False,False,False,False,False
f0:18:98:b4:9b:71,Shasta NorthEast,Shasta HQ,14448f1fbf2a,Tuttle Living Room EAP 102,edgecore_eap102,Shasta-AP-NOS Rel 2.2 build 21,True,5G,Household,676669,-63,-71,1170.0,1300.0,952599,226061121,5991400,8031292069,,CAN_STEER,3,True,0,0,0,0,0,0,0,0,0,0,0,0,0,0,0,0,0,0,0,False,False,False,False,False,False
cc:9e:a2:b5:80:cd,Shasta NorthEast,Shasta HQ,14448f1fbf2a,Tuttle Living Room EAP 102,edgecore_eap102,Shasta-AP-NOS Rel 2.2 build 21,True,5G,Household,440593,-81,-79,292.5,433.3,1312809,152343180,1621641,601075550,,MAX_REACHED,3,True,1,0,0,0,0,0,0,0,0,0,1,1,0,0,0,0,0,0,0,False,False,False,False,False,False
fc:ec:da:30:d8:8d,Shasta NorthEast,Camp,14448f1fbf8e,Dandy 2nd floor,edgecore_eap102,Shasta-AP-NOS Rel 2.2 build 21,True,5G,430 Dandy,830889,-60,-56,58.5,72.2,131130670,135427355344,105374639,7032551348,,CAN_STEER,2,True,173,0,0,0,0,0,0,0,0,0,0,0,0,0,0,0,0,0,0,False,False,False,False,False,False
fc:ec:da:30:74:23,Shasta NorthEast,Camp,14448f1fbf8e,Dandy 2nd floor,edgecore_eap102,Shasta-AP-NOS Rel 2.2 build 21,True,5G,430 Dandy,830889,-68,-65,58.5,72.2,139803436,150707866837,108596020,7246175327,,CAN_STEER,3,True,149,0,0,0,0,0,0,0,0,0,0,0,0,0,0,0,0,0,0,False,False,False,False,False,False
cc:9e:a2:c7:f9:ef,Shasta NorthEast,Camp,14448f1fbf8e,Dandy 2nd floor,edgecore_eap102,Shasta-AP-NOS Rel 2.2 build 21,True,5G,430 Dandy,413082,-55,-51,351.0,433.3,1591256,188328930,2312268,1524504786,,CAN_STEER,3,True,2,0,0,0,0,0,0,0,0,0,0,0,0,0,0,0,0,0,0,False,False,False,False,False,False
48:a2:e6:7f:1b:71,Shasta NorthEast,Camp,14448f1fbf8e,Dandy 2nd floor,edgecore_eap102,Shasta-AP-NOS Rel 2.2 build 21,True,2G,Honeywell,830470,-48,-48,72.2,65.0,38648,7134125,31262,6250572,,MAX_REACHED,1,True,0,0,0,0,1,0,1,0,0,0,0,0,0,0,0,0,0,0,0,False,False,False,False,False,False
b0:cf:cb:a8:64:5d,Shasta NorthEast,Camp,14448fd58129,Dandy Main Floor,edgecore_eap102,Shasta-AP-NOS Rel 2.2 build 21,True,5G,430 Dandy,830820,-45,-42,866.7,866.7,1614166,193850777,1359741,576005630,,CAN_STEER,3,True,1,0,0,0,0,0,0,0,0,0,0,0,0,0,0,0,0,0,0,False,False,False,False,False,False
fc:ec:da:d9:02:f7,Shasta NorthEast,Camp,14448fd58129,Dandy Main Floor,edgecore_eap102,Shasta-AP-NOS Rel 2.2 build 21,True,5G,430 Dandy,755596,-67,-60,58.5,72.2,128141742,148694387897,84777882,5643040825,,CAN_STEER,3,True,217,0,0,0,0,0,0,0,0,0,0,0,0,0,0,0,0,0,0,False,False,False,False,False,False
dc:03:98:fe:7b:32,Shasta NorthEast,Camp,14448fd58129,Dandy Main Floor,edgecore_eap102,Shasta-AP-NOS Rel 2.2 build 21,True,5G,430 Dandy,312165,-64,-64,48.0,866.7,1419087,135798550,11685079,16144245630,,CAN_STEER,3,True,0,0,0,0,0,0,0,0,0,0,0,0,0,0,0,0,0,0,0,True,True,True,True,True,False
b8:2c:a0:5d:44:da,Shasta NorthEast,Camp,14448fd58129,Dandy Main Floor,edgecore_eap102,Shasta-AP-NOS Rel 2.2 build 21,True,2G,430 Dandy,830808,-64,-63,65.0,72.2,38055,6568690,31560,6244008,,CAN_STEER,1,True,0,0,0,0,0,0,0,0,0,0,0,0,0,0,0,0,0,0,0,False,False,False,False,False,False
5c:41:5a:fc:d4:01,Shasta NorthEast,Camp,14448fd58129,Dandy Main Floor,edgecore_eap102,Shasta-AP-NOS Rel 2.2 build 21,True,2G,430 Dandy,830475,-72,-70,58.5,72.2,2330594,320327435,2098044,467158524,,CAN_STEER,3,True,7,0,0,0,0,0,0,0,0,0,0,0,0,0,0,0,0,0,0,False,False,False,False,False,False
1c:39:29:a0:78:55,Shasta NorthEast,Camp,14448fd58129,Dandy Main Floor,edgecore_eap102,Shasta-AP-NOS Rel 2.2 build 21,True,2G,430 Dandy,232371,-66,-67,72.2,57.8,8317,786763,4215,536359,,MAX_REACHED,1,True,1,0,0,0,0,0,0,0,0,0,1,1,0,0,0,0,0,0,0,False,False,False,False,False,False
1c:39:29:a0:4a:7f,Shasta NorthEast,Camp,14448fd58129,Dandy Main Floor,edgecore_eap102,Shasta-AP-NOS Rel 2.2 build 21,True,2G,430 Dandy,215703,-62,-65,72.2,57.8,7725,725424,3961,500472,,CAN_STEER,1,True,1,0,0,0,0,0,0,0,0,0,0,0,0,0,0,0,0,0,0,False,False,False,False,False,False
9c:30:5b:7f:bf:d3,Tim,TRaceHome,24fe9a0f5ae5,BasementAP,cybertan_eww631-a1,Shasta-AP-NOS Rel 2.2 build 22,True,2G,lake,75511,-73,-73,52.0,39.0,23899,3036997,232827,61143626,,CAN_STEER,1,True,0,0,0,0,0,0,0,0,0,0,0,0,0,0,0,0,0,0,0,False,False,False,False,False,False
a0:92:08:65:b7:e9,Tim,TRaceHome,24fe9a0f5ae5,BasementAP,cybertan_eww631-a1,Shasta-AP-NOS Rel 2.2 build 22,True,2G,lake,26578,-43,-43,72.2,72.2,6069,1163831,720,91265,,MAX_REACHED,1,True,1,0,0,0,1,0,1,0,0,0,0,0,0,0,0,0,0,0,0,False,False,False,False,False,False
10:2c:6b:bf:48:9e,Tim,TRaceHome,24fe9a0f5ae5,BasementAP,cybertan_eww631-a1,Shasta-AP-NOS Rel 2.2 build 22,True,5G,lake,75931,-57,-57,86.7,200.0,237020,41771801,253680,34494629,,CAN_STEER,3,True,1,0,0,0,0,0,0,0,0,0,0,0,0,0,0,0,0,0,0,False,True,True,True,False,True
b8:27:eb:91:93:11,Tim,TRaceHome,24fe9a0f5ae5,BasementAP,cybertan_eww631-a1,Shasta-AP-NOS Rel 2.2 build 22,True,2G,pond,31570,-59,-55,72.2,72.2,1747612,2415930585,619260,72292052,S-99,MAX_REACHED,1,True,176,0,0,0,1,0,1,0,0,0,0,0,0,0,0,0,0,0,0,False,False,False,False,False,False
10:59:32:da:b0:de,Tim,TRaceHome,24fe9a0f5ae5,BasementAP,cybertan_eww631-a1,Shasta-AP-NOS Rel 2.2 build 22,True,5G,pond,75923,-73,-73,48.0,130.0,130234,17057149,996111,1360056133,S-99,BACKOFF,3,True,0,0,0,0,0,0,0,5,0,1,0,0,0,0,0,0,0,0,0,True,False,False,False,False,False
98:41:5c:a9:81:78,Tim,TRaceHome,24fe9a0f5ae5,BasementAP,cybertan_eww631-a1,Shasta-AP-NOS Rel 2.2 build 22,True,5G,pond,74540,-72,-72,78.0,130.0,2250,338435,3197,3030994,S-99,MAX_REACHED,2,True,0,0,0,0,0,0,0,0,0,0,1,0,1,0,0,0,0,0,0,False,False,False,False,False,False
78:45:58:3f:9c:31,Tim,TRaceHome,24fe9a0f5b55,FamilyRmAP,cybertan_eww631-a1,Shasta-AP-NOS Rel 2.2 build 22,True,2G,lake,75499,-62,-59,72.2,72.2,15996519,15195012062,12135364,815977292,,MAX_REACHED,3,True,252,0,0,0,1,0,1,0,0,0,0,0,0,0,0,0,0,0,0,False,True,True,True,False,True
24:62:ab:30:0a:fb,Tim,TRaceHome,24fe9a0f5b55,FamilyRmAP,cybertan_eww631-a1,Shasta-AP-NOS Rel 2.2 build 22,True,2G,lake,22804,-54,-53,48.0,72.2,8310,1275492,482,58140,,MAX_REACHED,1,True,1,0,0,0,1,0,1,0,0,0,0,0,0,0,0,0,0,0,0,False,False,False,False,False,False
b4:e4:54:07:18:a8,Tim,TRaceHome,24fe9a0f5b55,FamilyRmAP,cybertan_eww631-a1,Shasta-AP-NOS Rel 2.2 build 22,True,2G,lake,9601,-34,-40,72.2,1.0,1458,290945,738,219128,,MAX_REACHED,1,True,1,0,0,0,1,0,1,0,0,0,0,0,0,0,0,0,0,0,0,False,False,False,False,False,False
1c:57:dc:43:9f:71,Tim,TRaceHome,24fe9a0f5b55,FamilyRmAP,cybertan_eww631-a1,Shasta-AP-NOS Rel 2.2 build 22,True,5G,lake,76022,-61,-62,156.0,360.0,22901283,14663565327,55036558,72058793429,,CAN_STEER,3,True,418,0,0,0,0,0,0,0,0,0,0,0,0,0,0,0,0,0,0,False,False,False,False,False,False
10:ce:02:66:73:0e,Tim,TRaceHome,24fe9a0f5b55,FamilyRmAP,cybertan_eww631-a1,Shasta-AP-NOS Rel 2.2 build 22,True,5G,lake,75946,-51,-47,86.7,200.0,30680182,2120444659,43076031,38515650159,,CAN_STEER,3,True,553,0,0,0,0,0,0,0,0,0,0,0,0,0,0,0,0,0,0,True,False,False,False,True,False
7c:ed:c6:f7:e1:d4,Tim,TRaceHome,24fe9a0f5b55,FamilyRmAP,cybertan_eww631-a1,Shasta-AP-NOS Rel 2.2 build 22,True,5G,lake,75945,-76,-75,65.0,150.0,189324,26835092,279150,72779225,,BACKOFF,3,True,4,0,0,0,0,0,0,7,0,1,0,0,0,0,0,0,0,0,0,True,True,True,True,True,False
fc:d7:49:0c:0f:21,Tim,TRaceHome,24fe9a0f5b55,FamilyRmAP,cybertan_eww631-a1,Shasta-AP-NOS Rel 2.2 build 22,True,5G,lake,75945,-68,-69,48.0,200.0,189764,26053997,275768,53688378,,CAN_STEER,3,True,1,0,0,0,0,0,0,0,0,0,0,0,0,0,0,0,0,0,0,True,True,True,True,True,False
90:f8:2e:fd:d2:24,Tim,TRaceHome,24fe9a0f5b55,FamilyRmAP,cybertan_eww631-a1,Shasta-AP-NOS Rel 2.2 build 22,True,5G,lake,75945,-50,-51,48.0,200.0,287863,44048208,447107,151454947,,CAN_STEER,3,True,2,0,0,0,0,0,0,0,0,0,0,0,0,0,0,0,0,0,0,True,True,True,True,True,False
48:a2:e6:a5:b2:b1,Tim,TRaceHome,24fe9a0f5c19,Garage AP,cybertan_eww631-a1,Shasta-AP-NOS Rel 2.2 build 22,True,2G,lake,34625,-53,-53,65.0,65.0,11246,735835,9072,817594,,MAX_REACHED,1,True,2,0,0,0,1,0,1,0,0,0,0,0,0,0,0,0,0,0,0,False,False,False,False,False,False
a4:cf:12:1f:8c:8c,Tim,TRaceHome,24fe9a0f5c19,Garage AP,cybertan_eww631-a1,Shasta-AP-NOS Rel 2.2 build 22,True,2G,lake,34532,-60,-57,72.2,72.2,14630,1955569,77203,18587999,,MAX_REACHED,1,True,1,0,0,0,1,0,1,0,0,0,0,0,0,0,0,0,0,0,0,False,False,False,False,False,False
80:c5:f2:b3:82:7f,Tim,TRaceHome,24fe9a0f5c19,Garage AP,cybertan_eww631-a1,Shasta-AP-NOS Rel 2.2 build 22,True,2G,lake,34430,-37,-33,65.0,65.0,2150,280309,804,66680,,MAX_REACHED,1,True,2,0,0,0,1,0,1,0,0,0,0,0,0,0,0,0,0,0,0,False,False,False,False,False,False
08:91:15:75:6d:42,Tim,TRaceHome,24fe9a0f5c19,Garage AP,cybertan_eww631-a1,Shasta-AP-NOS Rel 2.2 build 22,True,5G,lake,76804,-74,-72,104.0,300.0,652043,147778573,748548,369731116,,CAN_STEER,2,True,9,0,0,0,0,0,0,0,0,0,0,0,0,0,0,0,0,0,0,True,True,True,True,True,False
50:41:1c:b2:c3:46,Tim,TRaceHome,24fe9a0f5c19,Garage AP,cybertan_eww631-a1,Shasta-AP-NOS Rel 2.2 build 22,True,5G,lake,76441,-78,-78,58.5,150.0,1317388,116371237,1131785,669981014,,MAX_REACHED,2,True,10,0,0,0,0,0,0,0,0,0,1,0,1,0,0,0,0,0,0,False,False,False,False,False,False
f8:54:b8:0f:8c:92,Tim,TRaceHome,24fe9a0f5c19,Garage AP,cybertan_eww631-a1,Shasta-AP-NOS Rel 2.2 build 22,True,5G,lake,76345,-81,-80,39.0,135.0,257242,30943326,339410,61381520,,MAX_REACHED,3,True,2,0,0,0,0,0,0,0,0,0,1,1,0,0,0,0,0,0,0,False,False,False,False,False,False
b0:f7:c4:37:58:c3,Tim,TRaceHome,24fe9a0f5c19,Garage AP,cybertan_eww631-a1,Shasta-AP-NOS Rel 2.2 build 22,True,5G,lake,75901,-52,-49,86.7,200.0,1350554,94243702,1422657,117541865,,CAN_STEER,3,True,2,0,0,0,0,0,0,0,0,0,0,0,0,0,0,0,0,0,0,False,False,False,False,False,False
08:12:a5:e8:fd:56,Tim,TRaceHome,24fe9a0f5c19,Garage AP,cybertan_eww631-a1,Shasta-AP-NOS Rel 2.2 build 22,True,5G,lake,75901,-71,-68,86.7,200.0,239339,27895947,318774,55378948,,CAN_STEER,3,True,1,0,0,0,0,0,0,0,0,0,0,0,0,0,0,0,0,0,0,False,False,False,False,False,False
50:07:c3:51:e2:f3,Tim,TRaceHome,24fe9a0f5c19,Garage AP,cybertan_eww631-a1,Shasta-AP-NOS Rel 2.2 build 22,True,5G,lake,75901,-69,-65,86.7,200.0,25421178,1699374812,33552699,27192143082,,CAN_STEER,3,True,467,0,0,0,0,0,0,0,0,0,0,0,0,0,0,0,0,0,0,True,False,False,False,True,False
14:7d:da:4b:d4:af,Erez home,Erez SF,903cb36c44f5,eap101,edgecore_eap101,Shasta-AP-NOS Rel 2.2 build 21,True,5G,DEFI5G,387,-64,-74,260.0,292.6,72,10235,588,173067,,MAX_REACHED,3,True,0,0,0,0,1,0,1,0,0,0,0,0,0,0,0,0,0,0,0,False,False,False,False,False,False
14:7d:da:4b:d4:af,Erez home,Erez SF,d4babaa17610,newWF-186H,cig_wf186w,Shasta-AP-NOS Rel 2.2 build 21,False,,,0,0,0,0,0,0,0,0,0,,CAN_STEER,3,False,1,0,0,0,0,0,0,0,0,0,0,0,0,0,0,0,0,0,0,False,False,False,False,False,False
d2:78:fd:69:f8:6d,Erez home,Erez SF,903cb36c44f5,eap101,edgecore_eap101,Shasta-AP-NOS Rel 2.2 build 21,True,2G,DEFI5G,17141,-53,-53,117.0,130.0,234198,22694521,511230,605200486,,MAX_REACHED,3,True,0,0,0,0,1,0,1,0,0,0,0,0,0,0,0,0,0,0,0,False,True,True,True,True,True
44:17:93:c0:d2:dc,Erez home,Tel AViv,903cb3b16e47,Eap101DS,edgecore_eap101,Shasta-AP-NOS Rel 2.1 build 21,True,2G,DEFI,3643240,-64,-62,39.0,7.2,757762,114812663,5635276,2727183957,,N/A,0,False,0,0,0,0,0,0,0,0,0,0,0,0,0,0,0,0,0,0,0,False,False,False,False,False,False
a8:48:fa:7f:96:b0,Erez home,Tel AViv,903cb3b16e47,Eap101DS,edgecore_eap101,Shasta-AP-NOS Rel 2.1 build 21,True,2G,DEFI,762075,-80,-80,11.0,6.5,207895,21783814,1078361,500942577,,N/A,0,False,0,0,0,0,0,0,0,0,0,0,0,0,0,0,0,0,0,0,0,False,False,False,False,False,False
82:96:5b:37:4c:c4,Dante,LBS Testbed,903cb3b17130,Unit7,edgecore_eap101,Shasta-AP-NOS Rel 2.0 build 5,True,5G,LSTB,225931,-83,-87,25.8,3.6,30609,16247142,99956,110140092,,CAN_STEER,3,True,10000,0,0,0,0,0,0,0,0,0,0,0,0,0,0,0,0,0,0,True,True,True,True,True,False
34:3e:a4:4d:d3:30,Ducky's Legal Services,Ducky's San Ramon,903cb3bb1c5b,SR-AP-03-Dwn,edgecore_eap101,Shasta-AP-NOS Rel 2.2 build 22,True,2G,plume.dogfood,71327,-37,-36,65.0,72.2,193967,229647980,114398,40823110,,MAX_REACHED,1,True,1,0,0,0,1,0,1,0,0,0,0,0,0,0,0,0,0,0,0,False,False,False,False,False,False
fc:45:c3:a8:07:7a,Ducky's Legal Services,Ducky's San Ramon,903cb3bb1c5b,SR-AP-03-Dwn,edgecore_eap101,Shasta-AP-NOS Rel 2.2 build 22,True,2G,plume.dogfood,48892,-52,-50,72.2,24.0,5093,920300,2937,405041,,MAX_REACHED,1,True,3,0,0,0,1,0,1,0,0,0,0,0,0,0,0,0,0,0,0,False,False,False,False,False,False
54:e0:19:9c:ad:4b,Ducky's Legal Services,Ducky's San Ramon,903cb3bb1c5b,SR-AP-03-Dwn,edgecore_eap101,Shasta-AP-NOS Rel 2.2 build 22,True,2G,plume.dogfood,48055,-68,-67,39.0,65.0,15851,13480948,10297,1541144,,CAN_STEER,1,True,0,0,0,0,0,0,0,0,0,0,0,0,0,0,0,0,0,0,0,False,False,False,False,False,False
20:d7:78:b9:8d:d7,Ducky's Legal Services,Ducky's San Ramon,903cb3bb1c5b,SR-AP-03-Dwn,edgecore_eap101,Shasta-AP-NOS Rel 2.2 build 22,True,2G,plume.dogfood,7300,-57,-57,65.0,57.8,1769,999935,1194,180256,,MAX_REACHED,1,True,2,0,0,0,1,0,1,0,0,0,0,0,0,0,0,0,0,0,0,False,False,False,False,False,False
7c:9e:bd:4d:32:40,Erez home,Tel AViv,903cb3bb1d4b,Eap101BRT,edgecore_eap101,Shasta-AP-NOS Rel 2.1 build 21,True,2G,DEFI,22572,-58,-54,65.0,72.2,2621,185930,1109,82682,,N/A,0,False,0,0,0,0,0,0,0,0,0,0,0,0,0,0,0,0,0,0,0,False,False,False,False,False,False
cc:a7:c1:3c:1c:a0,Ducky's Legal Services,Ducky's San Ramon,903cb3bb1da5,SR-AP-04-Gst,edgecore_eap101,Shasta-AP-NOS Rel 2.2 build 22,True,5G,plume.dogfood,505101,-58,-52,72.2,28.9,39129,16344457,42065,9075074,,CAN_STEER,3,True,0,0,0,0,0,0,0,0,0,0,0,0,0,0,0,0,0,0,0,False,False,False,False,False,False
3c:e4:41:cc:0e:d3,Ducky's Legal Services,Ducky's San Ramon,903cb3bb1da5,SR-AP-04-Gst,edgecore_eap101,Shasta-AP-NOS Rel 2.2 build 22,True,5G,plume.dogfood,504973,-61,-59,780.0,234.0,2801445,409315894,3864064,2994887826,,BACKOFF,2,True,1,2,0,1,0,0,0,0,0,0,0,0,0,0,0,0,0,0,0,True,True,True,True,True,False
5c:41:5a:cb:2c:10,Ducky's Legal Services,Ducky's San Ramon,903cb3bb1da5,SR-AP-04-Gst,edgecore_eap101,Shasta-AP-NOS Rel 2.2 build 22,True,5G,plume.dogfood,404345,-80,-77,195.0,195.0,2141163,237412964,2111266,248624176,,MAX_REACHED,3,True,0,0,0,0,0,0,0,0,0,0,1,0,1,0,0,0,0,0,0,False,False,False,False,False,False
90:48:6c:ed:db:0e,Ducky's Legal Services,Ducky's San Ramon,903cb3bb1da5,SR-AP-04-Gst,edgecore_eap101,Shasta-AP-NOS Rel 2.2 build 22,True,5G,plume.dogfood,230880,-57,-56,585.0,195.1,2157344,2686332881,522419,120956910,,CAN_STEER,3,True,2,0,0,0,0,0,0,0,0,0,0,0,0,0,0,0,0,0,0,True,True,True,True,True,False
f4:f5:d8:d1:f0:60,Ducky's Legal Services,Ducky's San Ramon,903cb3bb1da5,SR-AP-04-Gst,edgecore_eap101,Shasta-AP-NOS Rel 2.2 build 22,True,5G,plume.dogfood,17617,-56,-55,433.3,195.0,90582,7477033,99316,12980630,,CAN_STEER,3,True,7,0,0,0,0,0,0,0,0,0,0,0,0,0,0,0,0,0,0,False,False,False,False,False,False
5c:e9:1e:99:af:e4,Ducky's Legal Services,Ducky's San Ramon,903cb3bb1da5,SR-AP-04-Gst,edgecore_eap101,Shasta-AP-NOS Rel 2.2 build 22,True,5G,pw-shasta-6G,24325,-55,-61,720.6,432.3,501679,89844156,885145,666708739,,CAN_STEER,3,True,34,0,0,0,0,0,0,0,0,0,0,0,0,0,0,0,0,0,0,False,True,True,True,True,True
e0:e2:e6:bf:58:30,Ducky's Legal Services,Ducky's San Ramon,903cb3bb1da5,SR-AP-04-Gst,edgecore_eap101,Shasta-AP-NOS Rel 2.2 build 22,True,2G,plume.dogfood,504979,-51,-54,65.0,72.2,73111,6237040,40137,4437349,,MAX_REACHED,1,True,0,0,0,0,1,0,1,0,0,0,0,0,0,0,0,0,0,0,0,False,False,False,False,False,False
34:60:f9:ca:f4:f3,Ducky's Legal Services,Ducky's San Ramon,903cb3bb1da5,SR-AP-04-Gst,edgecore_eap101,Shasta-AP-NOS Rel 2.2 build 22,True,2G,plume.dogfood,504974,-41,-39,65.0,72.2,66904,20006456,43116,3158660,,MAX_REACHED,1,True,1,0,0,0,1,0,1,0,0,0,0,0,0,0,0,0,0,0,0,False,False,False,False,False,False
b4:b0:24:3a:93:24,Ducky's Legal Services,Ducky's San Ramon,903cb3bb1da5,SR-AP-04-Gst,edgecore_eap101,Shasta-AP-NOS Rel 2.2 build 22,True,2G,plume.dogfood,504851,-41,-39,65.0,72.2,66426,16960876,43085,3029060,,MAX_REACHED,1,True,1,0,0,0,1,0,1,0,0,0,0,0,0,0,0,0,0,0,0,False,False,False,False,False,False
b4:b0:24:3a:77:14,Ducky's Legal Services,Ducky's San Ramon,903cb3bb1da5,SR-AP-04-Gst,edgecore_eap101,Shasta-AP-NOS Rel 2.2 build 22,True,2G,plume.dogfood,504850,-44,-42,65.0,72.2,66737,17114787,43435,3133359,,MAX_REACHED,1,True,1,0,0,0,1,0,1,0,0,0,0,0,0,0,0,0,0,0,0,False,False,False,False,False,False
34:60:f9:ca:b2:e1,Ducky's Legal Services,Ducky's San Ramon,903cb3bb1da5,SR-AP-04-Gst,edgecore_eap101,Shasta-AP-NOS Rel 2.2 build 22,True,2G,plume.dogfood,504850,-40,-39,65.0,72.2,66435,19993336,43115,3035295,,MAX_REACHED,1,True,0,0,0,0,1,0,1,0,0,0,0,0,0,0,0,0,0,0,0,False,False,False,False,False,False
34:60:f9:ca:b2:d7,Ducky's Legal Services,Ducky's San Ramon,903cb3bb1da5,SR-AP-04-Gst,edgecore_eap101,Shasta-AP-NOS Rel 2.2 build 22,True,2G,plume.dogfood,504850,-41,-42,48.0,72.2,67290,19943803,43931,3314137,,MAX_REACHED,1,True,1,0,0,0,1,0,1,0,0,0,0,0,0,0,0,0,0,0,0,False,False,False,False,False,False
9c:a2:f4:11:b8:fb,Ducky's Legal Services,Ducky's San Ramon,903cb3bb1da5,SR-AP-04-Gst,edgecore_eap101,Shasta-AP-NOS Rel 2.2 build 22,True,2G,plume.dogfood,504849,-43,-42,48.0,72.2,66546,17230385,43196,3038119,,MAX_REACHED,1,True,1,0,0,0,1,0,1,0,0,0,0,0,0,0,0,0,0,0,0,False,False,False,False,False,False
b4:b0:24:3a:88:2c,Ducky's Legal Services,Ducky's San Ramon,903cb3bb1da5,SR-AP-04-Gst,edgecore_eap101,Shasta-AP-NOS Rel 2.2 build 22,True,2G,plume.dogfood,498963,-35,-33,52.0,72.2,65194,16797171,42018,2960012,,MAX_REACHED,1,True,1,0,0,0,1,0,1,0,0,0,0,0,0,0,0,0,0,0,0,False,False,False,False,False,False
90:48:6c:b3:90:2d,Ducky's Legal Services,Ducky's San Ramon,903cb3bb1da5,SR-AP-04-Gst,edgecore_eap101,Shasta-AP-NOS Rel 2.2 build 22,True,2G,plume.dogfood,473689,-35,-35,130.0,130.0,3803933,4809894899,1503640,1210660484,,MAX_REACHED,1,True,1,0,0,0,1,0,1,0,0,0,0,0,0,0,0,0,0,0,0,False,False,False,False,False,False
24:18:c6:7d:6e:98,Ducky's Legal Services,Ducky's San Ramon,903cb3bb1da5,SR-AP-04-Gst,edgecore_eap101,Shasta-AP-NOS Rel 2.2 build 22,True,2G,plume.dogfood,424124,-69,-67,52.0,57.8,58631,3380131,59733,3672552,,CAN_STEER,1,True,0,0,0,0,0,0,0,0,0,0,0,0,0,0,0,0,0,0,0,False,False,False,False,False,False
fc:45:c3:89:34:8c,Ducky's Legal Services,Ducky's San Ramon,903cb3bb1da5,SR-AP-04-Gst,edgecore_eap101,Shasta-AP-NOS Rel 2.2 build 22,True,2G,plume.dogfood,20136,-65,-64,39.0,65.0,1570,117585,787,83930,,CAN_STEER,1,True,2,0,0,0,0,0,0,0,0,0,0,0,0,0,0,0,0,0,0,False,False,False,False,False,False
f4:7b:09:b3:75:86,Dante,Default Venue,903cb3bb1f26,Dev2,edgecore_eap101,Shasta-AP-NOS Rel 1.8 build 1,True,5G,test,27062,-37,-36,433.3,195.1,272991,62249573,453242,379791192,,N/A,0,False,0,0,0,0,0,0,0,0,0,0,0,0,0,0,0,0,0,0,0,False,False,False,False,False,False
ac:8b:a9:8f:4e:cf,Shasta NorthEast,Spoonery,cccf83ca4b68,Spoonery Outdoor AP,cig_wf660a,Shasta-AP-NOS Rel 2.2 build 21,True,2G,430 Dandy,830570,-90,-81,26.0,1.0,111906355,140001109340,71953116,4840166865,,MAX_REACHED,1,True,93,0,0,0,0,0,0,0,0,0,1,0,1,0,0,0,0,0,0,False,False,False,False,False,False
b8:2c:a0:4f:73:62,Shasta NorthEast,Spoonery,cccf83ca4b68,Spoonery Outdoor AP,cig_wf660a,Shasta-AP-NOS Rel 2.2 build 21,True,2G,Honeywell,138863,-55,-54,72.2,72.2,6360,1030621,5214,1007090,,MAX_REACHED,1,True,0,0,0,0,1,0,1,0,0,0,0,0,0,0,0,0,0,0,0,False,False,False,False,False,False
5c:47:5e:47:e3:7d,Duffy LLC,Duffy Barn,cccf83ca4c88,DuffyDrivewayAP,cig_wf660a,Shasta-AP-NOS Rel 2.2 build 22,True,2G,Riverside,76013,-56,-57,65.0,72.2,69011,57894635,29086,3840409,,MAX_REACHED,1,True,1,0,0,0,1,0,1,0,0,0,0,0,0,0,0,0,0,0,0,False,False,False,False,False,False
3c:39:c8:92:83:3b,Steve's house,Steve's house,cccf83eabfe8,WF-186H-DF,cig_wf186w,Shasta-AP-NOS Rel 2.2 build 16,True,2G,Dogfood,23488,-55,-56,72.2,72.2,13460,2765144,16366,11466638,,N/A,0,False,0,0,0,0,0,0,0,0,0,0,0,0,0,0,0,0,0,0,0,False,False,False,False,False,False
70:ea:5a:60:fe:11,Steve's house,Steve's house,cccf83eabfe8,WF-186H-DF,cig_wf186w,Shasta-AP-NOS Rel 2.2 build 16,True,5G,Dogfood,21941,-63,-65,156.0,866.7,33331,4916466,114586,154675563,,CAN_STEER,2,True,1,0,0,0,0,0,0,0,0,0,0,0,0,0,0,0,0,0,0,False,True,True,True,True,True
38:ba:f8:11:25:38,Steve's house,Steve's house,cccf83eabfe8,WF-186H-DF,cig_wf186w,Shasta-AP-NOS Rel 2.2 build 16,True,5G,Dogfood,14609,-80,-66,58.5,260.0,80630,26615013,87701,48798874,,BACKOFF,3,True,0,0,0,0,0,0,0,5,0,5,0,0,0,0,0,0,0,0,0,True,False,False,False,False,False
a0:4e:cf:e7:6a:1e,Steve's house,Steve's house,cccf83eabfe8,WF-186H-DF,cig_wf186w,Shasta-AP-NOS Rel 2.2 build 16,True,5G,Dogfood,3685,-62,-69,104.0,468.0,10391,2686531,13059,8485677,,N/A,0,False,0,0,0,0,0,0,0,0,0,0,0,0,0,0,0,0,0,0,0,False,False,False,False,False,False
2c:d9:74:7d:03:d1,Tim,TRaceHome,cccf83eac450,BackyardAP,cig_wf186w,Shasta-AP-NOS Rel 2.2 build 22,True,5G,lake,76134,-72,-59,58.5,433.3,60287,15161314,251734,79256194,,CAN_STEER,3,True,1,0,0,0,0,0,0,2,0,0,0,0,0,0,0,0,0,0,0,True,False,False,False,False,False
b0:e4:d5:cb:54:b4,Tim,TRaceHome,cccf83eac450,BackyardAP,cig_wf186w,Shasta-AP-NOS Rel 2.2 build 22,True,2G,pond,75963,-64,-64,72.2,130.0,49596,11167645,56072,19757919,S-99,CAN_STEER,3,True,1,0,0,0,0,0,0,0,0,0,0,0,0,0,0,0,0,0,0,False,True,True,True,False,True
b0:09:da:48:8e:26,Ducky's Legal Services,Ducky's San Ramon,d4babaa15440,SR-AP-02-Liv,cig_wf196,Shasta-AP-NOS Rel 2.2 build 22,True,5G,plume.dogfood,505394,-37,-34,150.0,150.0,106421,39051133,107142,11498387,,CAN_STEER,2,True,1,0,0,0,0,0,0,0,0,0,0,0,0,0,0,0,0,0,0,False,True,True,True,True,False
7c:27:bc:27:2b:8a,Ducky's Legal Services,Ducky's San Ramon,d4babaa15440,SR-AP-02-Liv,cig_wf196,Shasta-AP-NOS Rel 2.2 build 22,True,5G,plume.dogfood,505390,-61,-61,48.0,866.7,7976318,802685353,93609721,139268954505,,CAN_STEER,3,True,0,0,0,0,0,0,0,0,0,0,0,0,0,0,0,0,0,0,0,True,False,False,False,False,False
94:3c:c6:64:2e:2c,Ducky's Legal Services,Ducky's San Ramon,d4babaa15440,SR-AP-02-Liv,cig_wf196,Shasta-AP-NOS Rel 2.2 build 22,True,2G,plume.dogfood,505365,-37,-42,72.2,43.3,125135,6293839,62145,9594914,,BACKOFF,1,True,1,3,0,1,0,0,0,0,0,0,0,0,0,0,0,0,0,0,0,True,True,True,True,True,False
ac:15:a2:7b:34:b8,Ducky's Legal Services,Ducky's San Ramon,d4babaa15440,SR-AP-02-Liv,cig_wf196,Shasta-AP-NOS Rel 2.2 build 22,True,2G,plume.dogfood,504971,-37,-36,72.2,72.2,65418,25366551,38832,2670537,,MAX_REACHED,1,True,3,0,0,0,1,0,1,0,0,0,0,0,0,0,0,0,0,0,0,False,False,False,False,False,False
ac:0b:fb:63:bb:a8,Ducky's Legal Services,Ducky's San Ramon,d4babaa15440,SR-AP-02-Liv,cig_wf196,Shasta-AP-NOS Rel 2.2 build 22,True,2G,plume.dogfood,504971,-55,-55,39.0,43.3,31440,2259323,23260,3057556,,MAX_REACHED,1,True,1,0,0,0,1,0,1,0,0,0,0,0,0,0,0,0,0,0,0,False,False,False,False,False,False
3c:52:a1:60:83:b8,Ducky's Legal Services,Ducky's San Ramon,d4babaa15440,SR-AP-02-Liv,cig_wf196,Shasta-AP-NOS Rel 2.2 build 22,True,2G,plume.dogfood,504971,-16,-13,72.2,72.2,65506,21102731,39031,2896959,,MAX_REACHED,1,True,1,0,0,0,1,0,1,0,0,0,0,0,0,0,0,0,0,0,0,False,False,False,False,False,False
94:3c:c6:62:e5:84,Ducky's Legal Services,Ducky's San Ramon,d4babaa15440,SR-AP-02-Liv,cig_wf196,Shasta-AP-NOS Rel 2.2 build 22,True,2G,plume.dogfood,73342,-36,-42,72.2,65.0,16229,770419,7795,1313265,,BACKOFF,1,True,2,9,0,3,0,0,0,0,0,0,0,0,0,0,0,0,0,0,0,True,True,True,True,True,False
00:1c:c2:60:b6:aa,Ducky's Legal Services,Ducky's San Ramon,d4babaa15440,SR-AP-02-Liv,cig_wf196,Shasta-AP-NOS Rel 2.2 build 22,True,2G,plume.dogfood,28117,-35,-36,58.5,72.2,5806,520419,3083,377504,,MAX_REACHED,1,True,1,0,0,0,1,0,1,0,0,0,0,0,0,0,0,0,0,0,0,False,False,False,False,False,False
20:d7:78:ac:ca:d4,Ducky's Legal Services,Ducky's San Ramon,d4babaa15440,SR-AP-02-Liv,cig_wf196,Shasta-AP-NOS Rel 2.2 build 22,True,2G,plume.dogfood,24500,-43,-43,48.0,65.0,2232,293608,1269,155478,,MAX_REACHED,1,True,0,0,0,0,1,0,1,0,0,0,0,0,0,0,0,0,0,0,0,False,False,False,False,False,False
20:df:b9:3e:7b:e1,Ducky's Legal Services,Ducky's San Ramon,d4babaa15440,SR-AP-02-Liv,cig_wf196,Shasta-AP-NOS Rel 2.2 build 22,True,2G,plume.dogfood,17530,-11,-10,144.4,144.4,88636,7064364,90222,12687071,,DISABLED,3,True,4,18,0,6,0,0,0,0,0,0,0,0,0,0,0,0,0,0,0,True,False,False,False,False,False
fc:45:c3:a3:d9:bc,Ducky's Legal Services,Ducky's San Ramon,d4babaa15440,SR-AP-02-Liv,cig_wf196,Shasta-AP-NOS Rel 2.2 build 22,True,2G,plume.dogfood,6776,-48,-49,72.2,72.2,730,117159,423,57229,,MAX_REACHED,1,True,2,0,0,0,1,0,1,0,0,0,0,0,0,0,0,0,0,0,0,False,False,False,False,False,False
a6:31:7f:56:b5:2d,Erez home,Erez SF,d4babaa155a0,newWF-196,cig_wf196,Shasta-AP-NOS Rel 2.2 build 21,True,5G,DEFI,110092,-45,-50,286.7,1200.9,406345,140434583,346837,289051175,,MAX_REACHED,3,True,8,0,0,0,1,1,0,0,0,0,0,0,0,0,0,0,0,0,0,False,True,True,True,True,True
3c:22:fb:4c:5d:7d,Erez home,Erez SF,d4babaa155a0,newWF-196,cig_wf196,Shasta-AP-NOS Rel 2.2 build 21,True,5G,DEFI5G,116284,-52,-48,1300.0,1170.0,129742,15891093,200565,65064814,,CAN_STEER,,True,3,0,0,0,0,0,0,0,0,0,0,0,0,0,0,0,0,0,0,False,False,False,False,False,False
26:97:c2:5d:f3:3a,Erez home,Erez SF,d4babaa155a0,newWF-196,cig_wf196,Shasta-AP-NOS Rel 2.2 build 21,True,2G,DEFI5G,8524,-71,-66,48.0,28.9,1493,126974,89,13238,,MAX_REACHED,3,True,0,0,0,0,1,0,1,0,0,0,0,0,0,0,0,0,0,0,0,False,False,False,False,False,False
e6:ba:2b:fb:8b:19,Erez home,Erez SF,d4babaa155a0,newWF-196,cig_wf196,Shasta-AP-NOS Rel 2.2 build 21,False,,,0,0,0,0,0,0,0,0,0,,MAX_REACHED,3,False,2,0,0,0,1,1,0,0,0,0,0,0,0,0,0,0,0,0,0,False,False,False,False,False,False
e6:ba:2b:fb:8b:19,Erez home,Erez SF,d4babaa17610,newWF-186H,cig_wf186w,Shasta-AP-NOS Rel 2.2 build 21,True,5G,DEFI5G,1866,-67,-74,36.0,313.4,2419,701209,2773,1196066,,CAN_STEER,3,True,0,0,0,0,0,0,0,0,0,0,0,0,0,0,0,0,0,0,0,False,False,False,False,False,False
b2:8e:2a:fa:1b:ad,Erez home,Erez SF,d4babaa155a0,newWF-196,cig_wf196,Shasta-AP-NOS Rel 2.2 build 21,False,,,0,0,0,0,0,0,0,0,0,,MAX_REACHED,3,False,0,0,0,0,1,0,1,0,0,0,0,0,0,0,0,0,0,0,0,False,False,False,False,False,False
b2:8e:2a:fa:1b:ad,Erez home,Erez SF,d4babaa17610,newWF-186H,cig_wf186w,Shasta-AP-NOS Rel 2.2 build 21,True,5G,DEFI5G,392,-75,-74,52.0,43.3,42,3952,26,4139,,CAN_STEER,2,True,0,0,0,0,0,0,0,0,0,0,0,0,0,0,0,0,0,0,0,False,False,False,False,False,False
f0:a7:31:0c:cc:ab,Erez home,Erez SF backhaul,e001a6807be0,newEAP102,edgecore_eap102,Shasta-AP-NOS Rel 2.2 build 21,True,5G,backhaul,314307,-73,-72,576.4,12.0,25201147,5278247816,69867808,85195075180,,CAN_STEER,2,True,6,0,0,0,0,0,0,0,0,0,0,0,0,0,0,0,0,0,0,False,False,False,False,False,False
5c:e9:1e:6a:df:b1,Erez home,Erez SF backhaul,e001a6807be0,newEAP102,edgecore_eap102,Shasta-AP-NOS Rel 2.2 build 21,True,5G,backhaul,27718,-74,-81,68.8,432.3,590418,94630555,4022335,5755094668,,CAN_STEER,3,True,0,0,0,0,0,0,0,0,0,0,0,0,0,0,0,0,0,0,0,False,True,True,True,True,True
f0:a7:31:0c:cc:ac,Erez home,Erez SF backhaul,e001a6807be0,newEAP102,edgecore_eap102,Shasta-AP-NOS Rel 2.2 build 21,True,2G,backhaul,312081,-70,-78,7.2,6.0,64137937,47047882562,29175849,2982677554,,MAX_REACHED,1,True,0,0,0,0,1,0,1,0,0,0,0,0,0,0,0,0,0,0,0,False,False,False,False,False,False
