mac,name,org,venue,model,firmware,band,on-chan,channel,noise_floor,active_ms,busy_ms,busy_self_ms,busy_tx_ms,last_on_chan_secs_go,rrm_airtime_pct,agg_15m_active_ms,agg_15m_busy_ms,agg_15m_busy_self_ms,agg_15m_busy_tx_ms,agg_15m_num_samples
04b6be13a188,SR-AP-01-Mstr,Ducky's Legal Services,Ducky's San Ramon,cig_wf196,Shasta-AP-NOS Rel 2.2 build 22,5g,False,36,-110,15,2,0,0,-1,17.3609,15.1757,2.5824,0,0,180
04b6be13a188,SR-AP-01-Mstr,Ducky's Legal Services,Ducky's San Ramon,cig_wf196,Shasta-AP-NOS Rel 2.2 build 22,5g,True,149,-109,12594,960,59,450,-1,5,12437.3,756.946,52.1159,270.566,180
04b6be13a188,SR-AP-01-Mstr,Ducky's Legal Services,Ducky's San Ramon,cig_wf196,Shasta-AP-NOS Rel 2.2 build 22,2g,False,1,-100,19,13,0,0,-1,71.2304,17.2232,12.04,0,0,180
04b6be13a188,SR-AP-01-Mstr,Ducky's Legal Services,Ducky's San Ramon,cig_wf196,Shasta-AP-NOS Rel 2.2 build 22,2g,True,6,-98,12882,3753,7,101,-1,29,13104.3,3747.28,7.16766,92.788,180
04b6be13a188,SR-AP-01-Mstr,Ducky's Legal Services,Ducky's San Ramon,cig_wf196,Shasta-AP-NOS Rel 2.2 build 22,2g,False,11,-100,15,9,0,0,-1,60.4237,16.7306,10.2794,0,0,180
14448f1fbe0a,NewTedOfficeAP,Shasta NorthEast,Shasta HQ,edgecore_eap102,Shasta-AP-NOS Rel 2.2 build 21,5g,True,132,-106,118484,1434,519,850,-1,0.2,118413,1812.47,723.375,1031.56,180
14448f1fbe16,HQ-EAP102,Intello Labs,VXLanLab,edgecore_eap102,Shasta-AP-NOS Rel 2.2 build 21,5g,False,36,-107,15,5,0,0,-1,30.8937,15.7017,4.09041,0,0,180
14448f1fbe16,HQ-EAP102,Intello Labs,VXLanLab,edgecore_eap102,Shasta-AP-NOS Rel 2.2 build 21,5g,False,44,-106,17,4,0,0,-1,26.525,16.4298,4.5851,0,0,180
14448f1fbe16,HQ-EAP102,Intello Labs,VXLanLab,edgecore_eap102,Shasta-AP-NOS Rel 2.2 build 21,5g,True,149,-105,6998,383,0,61,-1,6,7088.57,389.873,0.124733,62.9895,180
14448f1fbe16,HQ-EAP102,Intello Labs,VXLanLab,edgecore_eap102,Shasta-AP-NOS Rel 2.2 build 21,5g,False,157,-105,15,3,0,0,-1,26.5015,15.0758,3.80881,0,0,180
14448f1fbe16,HQ-EAP102,Intello Labs,VXLanLab,edgecore_eap102,Shasta-AP-NOS Rel 2.2 build 21,2g,True,1,-103,7051,2199,0,295,-1,28,7064.28,2065.76,1.38316,303.765,180
14448f1fbe16,HQ-EAP102,Intello Labs,VXLanLab,edgecore_eap102,Shasta-AP-NOS Rel 2.2 build 21,2g,False,6,-103,14,3,0,0,-1,34.4855,17.7467,5.16711,0.000164,0.034379,180
14448f1fbe16,HQ-EAP102,Intello Labs,VXLanLab,edgecore_eap102,Shasta-AP-NOS Rel 2.2 build 21,2g,False,11,-102,18,7,0,0,-1,40.0626,16.7076,6.86448,0,0,180
14448f1fbe2a,Dandy Back Porch,Shasta NorthEast,Stable,edgecore_eap102,Shasta-AP-NOS Rel 2.2 build 21,5g,False,36,-109,6998,1184,0,59,-1,,6998,1184,0,59,180
14448f1fbe2a,Dandy Back Porch,Shasta NorthEast,Stable,edgecore_eap102,Shasta-AP-NOS Rel 2.2 build 21,5g,False,52,-108,12,5,0,0,-1,,12.0089,5.99911,0,0,180
14448f1fbe2a,Dandy Back Porch,Shasta NorthEast,Stable,edgecore_eap102,Shasta-AP-NOS Rel 2.2 build 21,5g,False,100,-108,13,4,0,0,-1,,13.0089,4.00089,0,0,180
14448f1fbe2a,Dandy Back Porch,Shasta NorthEast,Stable,edgecore_eap102,Shasta-AP-NOS Rel 2.2 build 21,5g,True,132,-106,7042,125,0,60,-1,1,7066.44,126.191,0,60.9032,180
14448f1fbe2a,Dandy Back Porch,Shasta NorthEast,Stable,edgecore_eap102,Shasta-AP-NOS Rel 2.2 build 21,5g,False,149,-106,19,2,0,0,-1,,19.9911,2.9991,0,0,180
14448f1fbe2a,Dandy Back Porch,Shasta NorthEast,Stable,edgecore_eap102,Shasta-AP-NOS Rel 2.2 build 21,2g,True,1,-102,7001,1297,344,433,-1,22,7062.71,1296.13,347.346,440.485,180
14448f1fbe2a,Dandy Back Porch,Shasta NorthEast,Stable,edgecore_eap102,Shasta-AP-NOS Rel 2.2 build 21,2g,False,6,-102,15,2,0,0,-1,16.9082,16.7716,1.88637,0,0,180
14448f1fbe2a,Dandy Back Porch,Shasta NorthEast,Stable,edgecore_eap102,Shasta-AP-NOS Rel 2.2 build 21,2g,False,11,-102,18,2,0,0,-1,13.1486,17.3489,2.61034,0,0,180
14448f1fbe3a,DC-AP-01-e102,Ducky's Legal Services,Ducky's Canada,edgecore_eap102,Shasta-AP-NOS Rel 2.2 build 22,5g,True,36,-108,7121,340,0,8,-1,5,7055.53,336.826,0,8.72027,180
14448f1fbe3a,DC-AP-01-e102,Ducky's Legal Services,Ducky's Canada,edgecore_eap102,Shasta-AP-NOS Rel 2.2 build 22,5g,False,149,-106,16,6,0,0,-1,39.4175,15.9321,6.12562,0,0,180
14448f1fbe3a,DC-AP-01-e102,Ducky's Legal Services,Ducky's Canada,edgecore_eap102,Shasta-AP-NOS Rel 2.2 build 22,2g,False,1,-99,16,1,0,0,-1,19.2783,16.8304,2.30034,0,0,180
14448f1fbe3a,DC-AP-01-e102,Ducky's Legal Services,Ducky's Canada,edgecore_eap102,Shasta-AP-NOS Rel 2.2 build 22,2g,True,6,-99,7002,814,0,11,-1,12,7058.06,803.151,0,13.2522,180
14448f1fbe3a,DC-AP-01-e102,Ducky's Legal Services,Ducky's Canada,edgecore_eap102,Shasta-AP-NOS Rel 2.2 build 22,2g,False,11,-100,17,2,0,0,-1,17.3937,17.7176,3.48167,0,0,180
14448f1fbe4a,Duffy Barn AP,Duffy LLC,Duffy Barn,edgecore_eap102,Shasta-AP-NOS Rel 2.2 build 22,5g,True,36,-108,7003,84,0,15,-1,1,7045.44,86.4169,0,15.7369,180
14448f1fbe4a,Duffy Barn AP,Duffy LLC,Duffy Barn,edgecore_eap102,Shasta-AP-NOS Rel 2.2 build 22,5g,False,149,-107,16,5,0,0,-1,31.4958,15.4456,5.34829,0,0,180
14448f1fbe4a,Duffy Barn AP,Duffy LLC,Duffy Barn,edgecore_eap102,Shasta-AP-NOS Rel 2.2 build 22,2g,True,11,-104,6997,365,0,192,-1,5,7041.06,391.623,0.553236,238.684,180
14448f1fbe4e,Tuttle Basement EAP 102,Shasta NorthEast,Shasta HQ,edgecore_eap102,Shasta-AP-NOS Rel 2.2 build 21,5g,False,36,-109,13,1,0,0,-1,11.6965,15.3215,1.56414,0,0,180
14448f1fbe4e,Tuttle Basement EAP 102,Shasta NorthEast,Shasta HQ,edgecore_eap102,Shasta-AP-NOS Rel 2.2 build 21,5g,False,52,-108,13,2,0,0,-1,42.3735,14.9878,3.67678,0,0,180
14448f1fbe4e,Tuttle Basement EAP 102,Shasta NorthEast,Shasta HQ,edgecore_eap102,Shasta-AP-NOS Rel 2.2 build 21,5g,False,116,-108,14,3,0,0,-1,20.0114,14.9496,2.16709,0,0,180
14448f1fbe4e,Tuttle Basement EAP 102,Shasta NorthEast,Shasta HQ,edgecore_eap102,Shasta-AP-NOS Rel 2.2 build 21,5g,True,149,-106,6997,515,350,138,-1,9,7053.61,566.318,392.369,147.874,180
14448f1fbe4e,Tuttle Basement EAP 102,Shasta NorthEast,Shasta HQ,edgecore_eap102,Shasta-AP-NOS Rel 2.2 build 21,2g,True,11,-103,7151,270,1,157,-1,3,7090.38,258.803,0.705685,156.893,180
14448f1fbe76,AtticAP,Tim,TRaceHome,edgecore_eap102,Shasta-AP-NOS Rel 2.2 build 22,5g,True,36,-109,7001,455,71,241,-1,6,7049.3,353.298,63.7171,158.089,180
14448f1fbe76,AtticAP,Tim,TRaceHome,edgecore_eap102,Shasta-AP-NOS Rel 2.2 build 22,2g,False,1,-105,16,2,0,0,-1,16.215,17.2359,2.66695,0,0,180
14448f1fbe76,AtticAP,Tim,TRaceHome,edgecore_eap102,Shasta-AP-NOS Rel 2.2 build 22,2g,True,6,-105,7006,1149,429,281,-1,16,7054.51,1134.27,410.733,281.666,180
14448f1fbf2a,Tuttle Living Room EAP 102,Shasta NorthEast,Shasta HQ,edgecore_eap102,Shasta-AP-NOS Rel 2.2 build 21,5g,True,36,-109,6997,733,352,229,-1,9,7079.47,755.401,354.952,234.29,180
14448f1fbf2a,Tuttle Living Room EAP 102,Shasta NorthEast,Shasta HQ,edgecore_eap102,Shasta-AP-NOS Rel 2.2 build 21,5g,False,52,-108,14,1,0,0,-1,7.30128,15.6419,0.640445,0,0,180
14448f1fbf2a,Tuttle Living Room EAP 102,Shasta NorthEast,Shasta HQ,edgecore_eap102,Shasta-AP-NOS Rel 2.2 build 21,5g,False,100,-108,14,7,0,0,-1,48.6438,15.5099,7.36823,0,0,180
14448f1fbf2a,Tuttle Living Room EAP 102,Shasta NorthEast,Shasta HQ,edgecore_eap102,Shasta-AP-NOS Rel 2.2 build 21,5g,False,116,-107,16,1,0,0,-1,13.6089,15.5078,0.969506,0,0,180
14448f1fbf2a,Tuttle Living Room EAP 102,Shasta NorthEast,Shasta HQ,edgecore_eap102,Shasta-AP-NOS Rel 2.2 build 21,5g,False,149,-107,14,4,0,0,-1,27.7489,15.3404,4.17788,0,0,180
14448f1fbf2a,Tuttle Living Room EAP 102,Shasta NorthEast,Shasta HQ,edgecore_eap102,Shasta-AP-NOS Rel 2.2 build 21,2g,True,1,-105,7046,538,1,174,-1,8,7072.18,538.062,1.24509,164.591,180
14448f1fbf2a,Tuttle Living Room EAP 102,Shasta NorthEast,Shasta HQ,edgecore_eap102,Shasta-AP-NOS Rel 2.2 build 21,2g,False,6,-105,18,1,0,0,-1,18.3451,17.3911,1.23336,0,0,180
14448f1fbf2a,Tuttle Living Room EAP 102,Shasta NorthEast,Shasta HQ,edgecore_eap102,Shasta-AP-NOS Rel 2.2 build 21,2g,False,11,-105,18,1,0,0,-1,12.0318,16.918,1.3624,0,0,180
14448f1fbf8e,Dandy 2nd floor,Shasta NorthEast,Camp,edgecore_eap102,Shasta-AP-NOS Rel 2.2 build 21,5g,True,36,-110,7349,492,318,169,-1,9,7094.04,506.803,328.84,172.739,180
14448f1fbf8e,Dandy 2nd floor,Shasta NorthEast,Camp,edgecore_eap102,Shasta-AP-NOS Rel 2.2 build 21,5g,False,100,-107,15,6,0,0,-1,38.8524,14.9899,5.90645,0,0,180
14448f1fbf8e,Dandy 2nd floor,Shasta NorthEast,Camp,edgecore_eap102,Shasta-AP-NOS Rel 2.2 build 21,5g,False,116,-108,15,3,0,0,-1,29.4109,15.9871,3.42568,0,0,180
14448f1fbf8e,Dandy 2nd floor,Shasta NorthEast,Camp,edgecore_eap102,Shasta-AP-NOS Rel 2.2 build 21,5g,False,149,-106,14,4,0,0,-1,31.8244,15.2344,5.21888,0,0,180
14448f1fbf8e,Dandy 2nd floor,Shasta NorthEast,Camp,edgecore_eap102,Shasta-AP-NOS Rel 2.2 build 21,2g,False,1,-104,17,2,0,0,-1,14.4435,17.1693,2.17912,0,0,180
14448f1fbf8e,Dandy 2nd floor,Shasta NorthEast,Camp,edgecore_eap102,Shasta-AP-NOS Rel 2.2 build 21,2g,True,6,-104,6997,625,0,294,-1,8,7026.34,621.871,0.095276,292.168,180
14448fd58129,Dandy Main Floor,Shasta NorthEast,Camp,edgecore_eap102,Shasta-AP-NOS Rel 2.2 build 21,5g,False,36,-108,13,3,0,0,-1,22.6783,14.5327,3.65687,0,0,180
14448fd58129,Dandy Main Floor,Shasta NorthEast,Camp,edgecore_eap102,Shasta-AP-NOS Rel 2.2 build 21,5g,False,52,-107,16,3,0,0,-1,30.5173,15.9807,3.0614,0,0,180
14448fd58129,Dandy Main Floor,Shasta NorthEast,Camp,edgecore_eap102,Shasta-AP-NOS Rel 2.2 build 21,5g,False,116,-107,15,3,0,0,-1,33.7508,15.4247,4.40292,0,0,180
14448fd58129,Dandy Main Floor,Shasta NorthEast,Camp,edgecore_eap102,Shasta-AP-NOS Rel 2.2 build 21,5g,True,149,-106,7002,382,211,119,-1,5,7079.63,370.495,211.977,118.33,180
14448fd58129,Dandy Main Floor,Shasta NorthEast,Camp,edgecore_eap102,Shasta-AP-NOS Rel 2.2 build 21,2g,False,1,-102,16,1,0,0,-1,10.7344,17.7965,1.69912,0,0,180
14448fd58129,Dandy Main Floor,Shasta NorthEast,Camp,edgecore_eap102,Shasta-AP-NOS Rel 2.2 build 21,2g,True,6,-103,6997,593,4,299,-1,9,7056.61,594.49,4.41886,298.325,180
14448fd58129,Dandy Main Floor,Shasta NorthEast,Camp,edgecore_eap102,Shasta-AP-NOS Rel 2.2 build 21,2g,False,11,-102,16,1,0,0,-1,13.1227,17.2219,1.74055,0,0,180
24fe9a0f5ae5,BasementAP,Tim,TRaceHome,cybertan_eww631-a1,Shasta-AP-NOS Rel 2.2 build 22,2g,False,1,-103,10,1,0,0,-1,19.7051,11.6047,1.18603,0,0,180
24fe9a0f5ae5,BasementAP,Tim,TRaceHome,cybertan_eww631-a1,Shasta-AP-NOS Rel 2.2 build 22,2g,True,11,-104,7261,1159,2,356,-1,17,7160.74,1141.63,2.30993,346.771,180
24fe9a0f5ae5,BasementAP,Tim,TRaceHome,cybertan_eww631-a1,Shasta-AP-NOS Rel 2.2 build 22,5g,True,44,-108,7072,257,8,70,-1,3,7108.49,173.76,8.7157,71.8954,180
24fe9a0f5ae5,BasementAP,Tim,TRaceHome,cybertan_eww631-a1,Shasta-AP-NOS Rel 2.2 build 22,5g,False,149,-107,12,2,0,0,-1,25.6248,12.5907,1.17281,0,0,180
24fe9a0f5ae5,BasementAP,Tim,TRaceHome,cybertan_eww631-a1,Shasta-AP-NOS Rel 2.2 build 22,5g,False,157,-108,12,1,0,0,-1,16.4796,11.473,0.653737,0,0,180
24fe9a0f5b55,FamilyRmAP,Tim,TRaceHome,cybertan_eww631-a1,Shasta-AP-NOS Rel 2.2 build 22,2g,True,1,-97,7430,1474,318,508,-1,20,7220.72,1414.32,290.054,492.076,180
24fe9a0f5b55,FamilyRmAP,Tim,TRaceHome,cybertan_eww631-a1,Shasta-AP-NOS Rel 2.2 build 22,5g,True,157,-108,7292,753,268,513,-1,14,7132.04,866.073,280.334,599.649,180
24fe9a0f5c19,Garage AP,Tim,TRaceHome,cybertan_eww631-a1,Shasta-AP-NOS Rel 2.2 build 22,2g,False,1,-104,8,2,0,0,-1,27.1673,7.88336,1.69205,0,0,180
24fe9a0f5c19,Garage AP,Tim,TRaceHome,cybertan_eww631-a1,Shasta-AP-NOS Rel 2.2 build 22,2g,True,6,-105,7009,1569,1,330,-1,20,7164.97,1635.68,1.68391,343.637,180
24fe9a0f5c19,Garage AP,Tim,TRaceHome,cybertan_eww631-a1,Shasta-AP-NOS Rel 2.2 build 22,2g,False,11,-105,7,2,0,0,-1,32.733,8.46262,1.54917,0,0,180
24fe9a0f5c19,Garage AP,Tim,TRaceHome,cybertan_eww631-a1,Shasta-AP-NOS Rel 2.2 build 22,5g,True,149,-107,7077,814,294,530,-1,10,7138.67,774.405,293.292,508.276,180
24fe9a0f6141,CyberTANWallDemo,Intello Labs,APtestingLab,cybertan_eww631-b1,Shasta-AP-NOS Rel 2.2 build 21,2g,False,1,-100,8,2,0,0,-1,39.4575,10.2631,2.60914,0,0,180
24fe9a0f6141,CyberTANWallDemo,Intello Labs,APtestingLab,cybertan_eww631-b1,Shasta-AP-NOS Rel 2.2 build 21,2g,False,6,-101,11,2,0,0,-1,23.5014,11.158,1.50851,0,0,180
24fe9a0f6141,CyberTANWallDemo,Intello Labs,APtestingLab,cybertan_eww631-b1,Shasta-AP-NOS Rel 2.2 build 21,2g,True,11,-101,7000,960,1,274,-1,15,7101.36,980.236,2.07141,280.529,180
24fe9a0f6141,CyberTANWallDemo,Intello Labs,APtestingLab,cybertan_eww631-b1,Shasta-AP-NOS Rel 2.2 build 21,5g,True,36,-108,6980,363,0,60,-1,5,7068.01,373.896,0.21725,61.3727,180
903cb36c40bd,AP-40BD,Truminds-BUS,Default Venue,edgecore_eap101,Shasta-AP-NOS Rel 2.1 build 17,5g,False,36,-105,17,2,0,0,-1,12.8922,17.1703,2.45941,0,0,180
903cb36c40bd,AP-40BD,Truminds-BUS,Default Venue,edgecore_eap101,Shasta-AP-NOS Rel 2.1 build 17,5g,False,44,-105,17,1,0,0,-1,10.173,17.3698,2.403,0,0,180
903cb36c40bd,AP-40BD,Truminds-BUS,Default Venue,edgecore_eap101,Shasta-AP-NOS Rel 2.1 build 17,5g,False,149,-103,18,5,0,0,-1,31.8603,17.1388,4.28403,0,0,180
903cb36c40bd,AP-40BD,Truminds-BUS,Default Venue,edgecore_eap101,Shasta-AP-NOS Rel 2.1 build 17,5g,True,157,-104,6997,577,0,31,-1,5,7024.68,549.721,0.691163,32.5515,180
903cb36c40bd,AP-40BD,Truminds-BUS,Default Venue,edgecore_eap101,Shasta-AP-NOS Rel 2.1 build 17,2g,False,1,-98,16,10,0,0,-1,64.5273,17.3582,11.5085,0,0,180
903cb36c40bd,AP-40BD,Truminds-BUS,Default Venue,edgecore_eap101,Shasta-AP-NOS Rel 2.1 build 17,2g,True,6,-98,7116,3943,3,191,-1,46.999,7083.52,4051.97,3.82645,192.818,180
903cb36c40bd,AP-40BD,Truminds-BUS,Default Venue,edgecore_eap101,Shasta-AP-NOS Rel 2.1 build 17,2g,False,11,-91,18,12,0,0,-1,71.2155,16.9775,12.6306,0,0,180
903cb36c44f5,eap101,Erez home,Erez SF,edgecore_eap101,Shasta-AP-NOS Rel 2.2 build 21,5g,True,52,-103,7039,775,0,63,-1,11,7066.26,878.169,0.370463,63.3581,180
903cb36c44f5,eap101,Erez home,Erez SF,edgecore_eap101,Shasta-AP-NOS Rel 2.2 build 21,2g,True,1,-93,6998,2648,7,163,-1,38,7033.78,2821.06,9.40544,190.736,180
903cb36c44f5,eap101,Erez home,Erez SF,edgecore_eap101,Shasta-AP-NOS Rel 2.2 build 21,2g,False,6,-95,16,8,0,0,-1,49.3009,16.9115,9.60616,0,0,180
903cb36c44f5,eap101,Erez home,Erez SF,edgecore_eap101,Shasta-AP-NOS Rel 2.2 build 21,2g,False,11,-97,17,9,0,0,-1,55.1599,16.5074,8.20542,0,0,180
903cb3bb1c5b,SR-AP-03-Dwn,Ducky's Legal Services,Ducky's San Ramon,edgecore_eap101,Shasta-AP-NOS Rel 2.2 build 22,5g,True,36,-107,6998,137,0,33,-1,2,7042.48,132.016,0.057939,35.2539,180
903cb3bb1c5b,SR-AP-03-Dwn,Ducky's Legal Services,Ducky's San Ramon,edgecore_eap101,Shasta-AP-NOS Rel 2.2 build 22,2g,False,1,-95,16,3,0,0,-1,22.7384,17.0982,3.68422,0,0,180
903cb3bb1c5b,SR-AP-03-Dwn,Ducky's Legal Services,Ducky's San Ramon,edgecore_eap101,Shasta-AP-NOS Rel 2.2 build 22,2g,True,6,-94,7122,1191,1,31,-1,17,6988.26,1138.17,1.81759,29.9442,180
903cb3bb1c5b,SR-AP-03-Dwn,Ducky's Legal Services,Ducky's San Ramon,edgecore_eap101,Shasta-AP-NOS Rel 2.2 build 22,2g,False,11,-97,16,2,0,0,-1,15.9973,84.7301,17.6574,0.011885,0.300538,180
903cb3bb1da5,SR-AP-04-Gst,Ducky's Legal Services,Ducky's San Ramon,edgecore_eap101,Shasta-AP-NOS Rel 2.2 build 22,5g,True,149,-105,7131,378,47,59,-1,5,7051.64,366.522,45.3939,60.3564,180
903cb3bb1da5,SR-AP-04-Gst,Ducky's Legal Services,Ducky's San Ramon,edgecore_eap101,Shasta-AP-NOS Rel 2.2 build 22,2g,False,1,-97,18,4,0,0,-1,25.1936,17.1021,5.3006,0,0,180
903cb3bb1da5,SR-AP-04-Gst,Ducky's Legal Services,Ducky's San Ramon,edgecore_eap101,Shasta-AP-NOS Rel 2.2 build 22,2g,False,6,-96,16,11,0,0,-1,68.447,17.1376,10.7712,0,0,180
903cb3bb1da5,SR-AP-04-Gst,Ducky's Legal Services,Ducky's San Ramon,edgecore_eap101,Shasta-AP-NOS Rel 2.2 build 22,2g,True,11,-96,7007,1704,5,69,-1,26,7038.19,1787.29,6.08739,75.5581,180
cccf83ca4b68,Spoonery Outdoor AP,Shasta NorthEast,Spoonery,cig_wf660a,Shasta-AP-NOS Rel 2.2 build 21,5g,True,132,-105,7039,121,0,60,-1,1,7055.14,121.898,0,61.0361,180
cccf83ca4b68,Spoonery Outdoor AP,Shasta NorthEast,Spoonery,cig_wf660a,Shasta-AP-NOS Rel 2.2 build 21,2g,False,1,-111,13,2,0,0,-1,20.5987,12.7606,2.11676,0,0,180
cccf83ca4b68,Spoonery Outdoor AP,Shasta NorthEast,Spoonery,cig_wf660a,Shasta-AP-NOS Rel 2.2 build 21,2g,True,11,-113,6999,2368,1135,741,-1,42,7055.71,2275.58,1091.81,734.258,180
cccf83ca4c88,DuffyDrivewayAP,Duffy LLC,Duffy Barn,cig_wf660a,Shasta-AP-NOS Rel 2.2 build 22,5g,True,36,-105,7000,32,0,15,-1,0,7051.12,34.825,0.000129,15.9548,180
cccf83ca4c88,DuffyDrivewayAP,Duffy LLC,Duffy Barn,cig_wf660a,Shasta-AP-NOS Rel 2.2 build 22,2g,True,1,-110,7032,915,0,211,-1,12,7066.91,1015.53,2.97053,266.25,180
cccf83ca4c88,DuffyDrivewayAP,Duffy LLC,Duffy Barn,cig_wf660a,Shasta-AP-NOS Rel 2.2 build 22,2g,False,11,-111,13,1,0,0,-1,19.4281,13.3587,1.74018,0,0,180
cccf83eabd78,HomeLab-WF186W,Intello Labs,VXLanLab,cig_wf186w,Shasta-AP-NOS Rel 2.2 build 21,2g,False,1,-108,11,2,0,0,-1,24.0023,11.1962,2.63042,0,0,180
cccf83eabd78,HomeLab-WF186W,Intello Labs,VXLanLab,cig_wf186w,Shasta-AP-NOS Rel 2.2 build 21,2g,True,6,-95,7260,1401,2,281,-1,21,7136.14,1485.43,1.89986,285.639,180
cccf83eabd78,HomeLab-WF186W,Intello Labs,VXLanLab,cig_wf186w,Shasta-AP-NOS Rel 2.2 build 21,2g,False,11,-110,10,2,0,0,-1,27.4595,11.1625,1.66213,0,0,180
cccf83eabd78,HomeLab-WF186W,Intello Labs,VXLanLab,cig_wf186w,Shasta-AP-NOS Rel 2.2 build 21,5g,True,36,-106,7408,506,0,65,-1,4,7189.08,487.934,0.201866,64.1257,180
cccf83eabd78,HomeLab-WF186W,Intello Labs,VXLanLab,cig_wf186w,Shasta-AP-NOS Rel 2.2 build 21,5g,False,44,-107,12,1,0,0,-1,12.2084,12.0396,1.14741,0,0,180
cccf83eabf88,HQ-WF186W,Intello Labs,VXLanLab,cig_wf186w,Shasta-AP-NOS Rel 2.2 build 21,2g,False,1,-98,9,3,0,0,-1,38.215,9.33876,2.80648,6e-06,0.001233,180
cccf83eabf88,HQ-WF186W,Intello Labs,VXLanLab,cig_wf186w,Shasta-AP-NOS Rel 2.2 build 21,2g,True,11,-101,7055,1939,1,278,-1,30.0001,7082.87,1985.54,1.06765,277.243,180
cccf83eabf88,HQ-WF186W,Intello Labs,VXLanLab,cig_wf186w,Shasta-AP-NOS Rel 2.2 build 21,5g,False,44,-105,13,1,0,0,-1,9.61546,12.8276,0.944147,0,0,180
cccf83eabf88,HQ-WF186W,Intello Labs,VXLanLab,cig_wf186w,Shasta-AP-NOS Rel 2.2 build 21,5g,True,149,-104,7161,301,0,29,-1,4,7101.16,296.764,0,29.8646,180
cccf83eac450,BackyardAP,Tim,TRaceHome,cig_wf186w,Shasta-AP-NOS Rel 2.2 build 22,2g,True,1,-104,7050,1347,0,38,-1,17.982,5405.28,992.439,0.348897,28.017,180
cccf83eac450,BackyardAP,Tim,TRaceHome,cig_wf186w,Shasta-AP-NOS Rel 2.2 build 22,5g,True,36,-107,7021,1466,8,77,-1,8,7110.45,711.641,5.26535,73.3902,180
cccf83eac450,BackyardAP,Tim,TRaceHome,cig_wf186w,Shasta-AP-NOS Rel 2.2 build 22,5g,False,149,-107,10,1,0,0,-1,31.6292,10.3489,0.739826,0,0,180
d4babaa15440,SR-AP-02-Liv,Ducky's Legal Services,Ducky's San Ramon,cig_wf196,Shasta-AP-NOS Rel 2.2 build 22,5g,True,36,-110,12406,209,3,60,-1,2,12425.4,206.012,4.01372,59.2268,180
d4babaa15440,SR-AP-02-Liv,Ducky's Legal Services,Ducky's San Ramon,cig_wf196,Shasta-AP-NOS Rel 2.2 build 22,2g,False,1,-97,17,12,0,0,-1,67.657,16.8135,10.0263,0,0,180
d4babaa15440,SR-AP-02-Liv,Ducky's Legal Services,Ducky's San Ramon,cig_wf196,Shasta-AP-NOS Rel 2.2 build 22,2g,True,6,-96,13315,3604,26,141,-1,27,13165.2,3536.69,21.7709,108.9,180
d4babaa15440,SR-AP-02-Liv,Ducky's Legal Services,Ducky's San Ramon,cig_wf196,Shasta-AP-NOS Rel 2.2 build 22,2g,False,11,-98,16,5,0,0,-1,36.6729,16.6469,6.92977,0,0,180
d4babaa155a0,newWF-196,Erez home,Erez SF,cig_wf196,Shasta-AP-NOS Rel 2.2 build 21,5g,True,116,-110,12585,175,16,149,-1,1,12443.1,159.74,10.542,140.818,180
d4babaa155a0,newWF-196,Erez home,Erez SF,cig_wf196,Shasta-AP-NOS Rel 2.2 build 21,2g,False,1,-106,16,12,0,0,-1,77.3127,16.5851,11.7946,0,0,180
d4babaa155a0,newWF-196,Erez home,Erez SF,cig_wf196,Shasta-AP-NOS Rel 2.2 build 21,2g,True,6,-104,15014,3836,2,207,-1,26,15088.5,3756.37,1.8833,190.545,180
d4babaa155a0,newWF-196,Erez home,Erez SF,cig_wf196,Shasta-AP-NOS Rel 2.2 build 21,2g,False,11,-101,15,10,0,0,-1,65.0669,16.4344,11.235,0,0,180
e001a6807be0,newEAP102,Erez home,Erez SF backhaul,edgecore_eap102,Shasta-AP-NOS Rel 2.2 build 21,5g,False,36,-108,15,6,0,0,-1,43.9161,15.1289,6.21574,0,0,180
e001a6807be0,newEAP102,Erez home,Erez SF backhaul,edgecore_eap102,Shasta-AP-NOS Rel 2.2 build 21,5g,True,149,-106,6998,478,50,68,-1,9,7048.3,467.171,31.4436,51.7126,180
e001a6807be0,newEAP102,Erez home,Erez SF backhaul,edgecore_eap102,Shasta-AP-NOS Rel 2.2 build 21,2g,False,1,-99,17,4,0,0,-1,26.7905,17.3681,5.3641,0,0,180
e001a6807be0,newEAP102,Erez home,Erez SF backhaul,edgecore_eap102,Shasta-AP-NOS Rel 2.2 build 21,2g,False,6,-99,15,4,0,0,-1,30.9687,16.8615,4.76393,0,0,180
e001a6807be0,newEAP102,Erez home,Erez SF backhaul,edgecore_eap102,Shasta-AP-NOS Rel 2.2 build 21,2g,True,11,-99,7007,1722,1,96,-1,21,7053.93,1517.77,0.970221,87.6265,180
e49d731c0e0a,TreehouseAP,Tim,TRaceHome,edgecore_eap104,Shasta-AP-NOS Rel 2.2 build 22,2g,False,1,-102,8,1,0,0,-1,28.0632,9.9037,1.42844,0,8e-06,180
e49d731c0e0a,TreehouseAP,Tim,TRaceHome,edgecore_eap104,Shasta-AP-NOS Rel 2.2 build 22,2g,False,6,-102,10,1,0,0,-1,27.6408,10.0248,2.53174,0,0,180
e49d731c0e0a,TreehouseAP,Tim,TRaceHome,edgecore_eap104,Shasta-AP-NOS Rel 2.2 build 22,2g,True,11,-103,7174,1584,0,294,-1,20,7098.4,1483.67,0.67786,285.578,180
e49d731c0e0a,TreehouseAP,Tim,TRaceHome,edgecore_eap104,Shasta-AP-NOS Rel 2.2 build 22,5g,False,36,-103,13,1,0,0,-1,10.1851,13.2456,1.47868,0,0,180
e49d731c0e0a,TreehouseAP,Tim,TRaceHome,edgecore_eap104,Shasta-AP-NOS Rel 2.2 build 22,5g,True,149,-102,6993,586,0,60,-1,6,7077.46,523.947,0.032584,60.0821,180
